{"cameraMode":{"drawMode":0,"name":"Shaded","section":"Shading Mode"},"sceneLighting":false,"audioPlay":false,"sceneViewState":{"showFog":true,"showMaterialUpdate":false,"showSkybox":false,"showFlares":true,"showImageEffects":true,"showParticleSystems":true},"in2DMode":false,"pivot":{"x":-7.717075347900391,"y":1.4977073669433594,"z":-5.829566955566406},"rotation":{"x":0.35402873158454897,"y":-0.08122483640909195,"z":0.03087819367647171,"w":0.9311991333961487},"size":69.25431823730469,"orthographic":false}