{"cameraMode":{"drawMode":0,"name":"Shaded","section":"Shading Mode"},"sceneLighting":true,"audioPlay":false,"sceneViewState":{"showFog":true,"showMaterialUpdate":false,"showSkybox":true,"showFlares":true,"showImageEffects":true,"showParticleSystems":true},"in2DMode":false,"pivot":{"x":0.07550634443759918,"y":-0.9339274764060974,"z":-1.4598388671875},"rotation":{"x":0.40090465545654299,"y":0.5964264869689941,"z":-0.4537810981273651,"w":0.5269309878349304},"size":30.007225036621095,"orthographic":false}