{"cameraMode":{"drawMode":0,"name":"Shaded","section":"Shading Mode"},"sceneLighting":false,"audioPlay":false,"sceneViewState":{"showFog":true,"showMaterialUpdate":false,"showSkybox":false,"showFlares":true,"showImageEffects":true,"showParticleSystems":true},"in2DMode":false,"pivot":{"x":1.7881393432617188e-7,"y":1.2364201545715333,"z":0.34718573093414309},"rotation":{"x":0.10799594968557358,"y":0.8633447289466858,"z":-0.20881474018096925,"w":0.44650915265083315},"size":7.828273773193359,"orthographic":false}