{"cameraMode":{"drawMode":0,"name":"Shaded","section":"Shading Mode"},"sceneLighting":true,"audioPlay":false,"sceneViewState":{"showFog":true,"showMaterialUpdate":false,"showSkybox":true,"showFlares":true,"showImageEffects":true,"showParticleSystems":true},"in2DMode":false,"pivot":{"x":-0.2237546145915985,"y":-11.507997512817383,"z":3.7887282371520998},"rotation":{"x":-0.3693528175354004,"y":0.0036374430637806656,"z":-0.0014406702248379589,"w":-0.9292961359024048},"size":28.706804275512697,"orthographic":false}