{"cameraMode":{"drawMode":0,"name":"Shaded","section":"Shading Mode"},"sceneLighting":false,"audioPlay":false,"sceneViewState":{"showFog":true,"showMaterialUpdate":false,"showSkybox":false,"showFlares":true,"showImageEffects":true,"showParticleSystems":true},"in2DMode":false,"pivot":{"x":0.3812185525894165,"y":0.1666666865348816,"z":0.4292229413986206},"rotation":{"x":0.3014630675315857,"y":0.6702336668968201,"z":-0.3466423451900482,"w":0.5828797221183777},"size":0.21650633215904237,"orthographic":false}