{"cameraMode":{"drawMode":0,"name":"Shaded","section":"Shading Mode"},"sceneLighting":true,"audioPlay":false,"sceneViewState":{"showFog":true,"showMaterialUpdate":false,"showSkybox":true,"showFlares":true,"showImageEffects":true,"showParticleSystems":true},"in2DMode":false,"pivot":{"x":1.878391981124878,"y":1.8748600482940674,"z":0.7289012670516968},"rotation":{"x":-0.3228192627429962,"y":0.02327742613852024,"z":-0.007941965945065022,"w":-0.94614177942276},"size":3.9990482330322267,"orthographic":false}