{"cameraMode":{"drawMode":0,"name":"Shaded","section":"Shading Mode"},"sceneLighting":true,"audioPlay":false,"sceneViewState":{"showFog":true,"showMaterialUpdate":false,"showSkybox":true,"showFlares":true,"showImageEffects":true,"showParticleSystems":true},"in2DMode":false,"pivot":{"x":-6.657214164733887,"y":8.092628479003907,"z":-3.935825824737549},"rotation":{"x":0.515257716178894,"y":-0.09192264825105667,"z":0.055703356862068179,"w":0.8502790331840515},"size":2.125357151031494,"orthographic":false}