{"cameraMode":{"drawMode":0,"name":"Shaded","section":"Shading Mode"},"sceneLighting":false,"audioPlay":false,"sceneViewState":{"showFog":true,"showMaterialUpdate":false,"showSkybox":false,"showFlares":true,"showImageEffects":true,"showParticleSystems":true},"in2DMode":false,"pivot":{"x":-2.384185791015625e-7,"y":1.236419916152954,"z":-0.3471861481666565},"rotation":{"x":0.09982655942440033,"y":-0.1262039840221405,"z":0.012765714898705483,"w":0.9868894219398499},"size":1.6366181373596192,"orthographic":false}