{"cameraMode":{"drawMode":0,"name":"Shaded","section":"Shading Mode"},"sceneLighting":false,"audioPlay":false,"sceneViewState":{"showFog":true,"showMaterialUpdate":false,"showSkybox":false,"showFlares":true,"showImageEffects":true,"showParticleSystems":true},"in2DMode":false,"pivot":{"x":681.1721801757813,"y":149.9010467529297,"z":-15.67143440246582},"rotation":{"x":-0.3622625172138214,"y":0.5958724021911621,"z":-0.3430044651031494,"w":-0.6293300986289978},"size":334.9927673339844,"orthographic":false}