{"cameraMode":{"drawMode":0,"name":"Shaded","section":"Shading Mode"},"sceneLighting":true,"audioPlay":false,"sceneViewState":{"showFog":true,"showMaterialUpdate":false,"showSkybox":true,"showFlares":true,"showImageEffects":true,"showParticleSystems":true},"in2DMode":false,"pivot":{"x":-1.0238215923309327,"y":2.4762320518493654,"z":-2.0769550800323488},"rotation":{"x":-0.22158966958522798,"y":0.05736340209841728,"z":-0.013141739182174206,"w":-0.9735240936279297},"size":-0.12469315528869629,"orthographic":false}