{"cameraMode":{"drawMode":0,"name":"Shaded","section":"Shading Mode"},"sceneLighting":false,"audioPlay":false,"sceneViewState":{"showFog":true,"showMaterialUpdate":false,"showSkybox":false,"showFlares":true,"showImageEffects":true,"showParticleSystems":true},"in2DMode":false,"pivot":{"x":0.1910802125930786,"y":0.7991719245910645,"z":0.6010581254959106},"rotation":{"x":0.11605513840913773,"y":-0.6669697761535645,"z":0.10599306225776673,"w":0.7284755706787109},"size":2.2863118648529054,"orthographic":false}