{"cameraMode":{"drawMode":0,"name":"Shaded","section":"Shading Mode"},"sceneLighting":false,"audioPlay":false,"sceneViewState":{"showFog":true,"showMaterialUpdate":false,"showSkybox":false,"showFlares":true,"showImageEffects":true,"showParticleSystems":true},"in2DMode":false,"pivot":{"x":0.1910802125930786,"y":0.7991719245910645,"z":0.6010581254959106},"rotation":{"x":-0.009702044539153576,"y":0.9883537888526917,"z":-0.07159238308668137,"w":-0.13394144177436829},"size":2.2863118648529054,"orthographic":false}