{"cameraMode":{"drawMode":0,"name":"Shaded","section":"Shading Mode"},"sceneLighting":true,"audioPlay":false,"sceneViewState":{"showFog":true,"showMaterialUpdate":false,"showSkybox":true,"showFlares":true,"showImageEffects":true,"showParticleSystems":true},"in2DMode":false,"pivot":{"x":-3.6660704612731935,"y":-3.521576404571533,"z":-1.1522510051727296},"rotation":{"x":-0.5943217277526856,"y":0.12316880375146866,"z":-0.09291166067123413,"w":-0.7894920706748962},"size":4.5025315284729,"orthographic":false}