{"cameraMode":{"drawMode":0,"name":"Shaded","section":"Shading Mode"},"sceneLighting":false,"audioPlay":false,"sceneViewState":{"showFog":true,"showMaterialUpdate":false,"showSkybox":false,"showFlares":true,"showImageEffects":true,"showParticleSystems":true},"in2DMode":false,"pivot":{"x":0.003443438559770584,"y":0.0904446691274643,"z":0.004298880696296692},"rotation":{"x":-0.060215581208467486,"y":-0.867374837398529,"z":0.48213493824005129,"w":-0.108643539249897},"size":0.14461536705493928,"orthographic":false}