{"cameraMode":{"drawMode":0,"name":"Shaded","section":"Shading Mode"},"sceneLighting":true,"audioPlay":false,"sceneViewState":{"showFog":true,"showMaterialUpdate":false,"showSkybox":true,"showFlares":true,"showImageEffects":true,"showParticleSystems":true},"in2DMode":false,"pivot":{"x":-8.940696716308594e-8,"y":0.8000000715255737,"z":-5.960464477539063e-8},"rotation":{"x":-0.2550854980945587,"y":0.25182369351387026,"z":-0.06868956238031388,"w":-0.9311665892601013},"size":4.474643230438232,"orthographic":false}