{"cameraMode":{"drawMode":0,"name":"Shaded","section":"Shading Mode"},"sceneLighting":false,"audioPlay":false,"sceneViewState":{"showFog":true,"showMaterialUpdate":false,"showSkybox":false,"showFlares":true,"showImageEffects":true,"showParticleSystems":true},"in2DMode":false,"pivot":{"x":1.1920928955078126e-7,"y":-0.9146991968154907,"z":0.0},"rotation":{"x":-0.25682905316352847,"y":0.5657956600189209,"z":-0.19107156991958619,"w":-0.7600106596946716},"size":3.3843047618865969,"orthographic":false}