{"cameraMode":{"drawMode":0,"name":"Shaded","section":"Shading Mode"},"sceneLighting":false,"audioPlay":false,"sceneViewState":{"showFog":true,"showMaterialUpdate":false,"showSkybox":false,"showFlares":true,"showImageEffects":true,"showParticleSystems":true},"in2DMode":false,"pivot":{"x":-0.37250804901123049,"y":0.16730880737304688,"z":5.911489486694336},"rotation":{"x":-0.25682905316352847,"y":0.5657956600189209,"z":-0.19107156991958619,"w":-0.7600106596946716},"size":15.225625991821289,"orthographic":false}