{"cameraMode":{"drawMode":0,"name":"Shaded","section":"Shading Mode"},"sceneLighting":false,"audioPlay":false,"sceneViewState":{"showFog":true,"showMaterialUpdate":false,"showSkybox":false,"showFlares":true,"showImageEffects":true,"showParticleSystems":true},"in2DMode":false,"pivot":{"x":-1.826069951057434,"y":-0.17868593335151673,"z":-0.9403276443481445},"rotation":{"x":-0.24180960655212403,"y":0.1256760209798813,"z":-0.0314895398914814,"w":-0.9617446064949036},"size":1.5000174045562745,"orthographic":false}