{"cameraMode":{"drawMode":0,"name":"Shaded","section":"Shading Mode"},"sceneLighting":false,"audioPlay":false,"sceneViewState":{"showFog":true,"showMaterialUpdate":false,"showSkybox":false,"showFlares":true,"showImageEffects":true,"showParticleSystems":true},"in2DMode":false,"pivot":{"x":-0.045054297894239429,"y":1.7078962326049805,"z":-0.10971258580684662},"rotation":{"x":-0.25682905316352847,"y":0.5657956600189209,"z":-0.19107156991958619,"w":-0.7600106596946716},"size":0.026500392705202104,"orthographic":false}