{"cameraMode":{"drawMode":0,"name":"Shaded","section":"Shading Mode"},"sceneLighting":false,"audioPlay":false,"sceneViewState":{"showFog":true,"showMaterialUpdate":false,"showSkybox":false,"showFlares":true,"showImageEffects":true,"showParticleSystems":true},"in2DMode":false,"pivot":{"x":-0.14779871702194215,"y":0.6465413570404053,"z":-0.06555821001529694},"rotation":{"x":-0.1123059019446373,"y":0.6088374257087708,"z":-0.08745116740465164,"w":-0.780556321144104},"size":2.8367326259613039,"orthographic":false}