{"cameraMode":{"drawMode":0,"name":"Shaded","section":"Shading Mode"},"sceneLighting":true,"audioPlay":false,"sceneViewState":{"showFog":true,"showMaterialUpdate":false,"showSkybox":true,"showFlares":true,"showImageEffects":true,"showParticleSystems":true},"in2DMode":false,"pivot":{"x":-1.1006436347961426,"y":2.57623291015625,"z":-2.041356325149536},"rotation":{"x":-0.2008967250585556,"y":0.07228929549455643,"z":-0.014948521740734578,"w":-0.9769881963729858},"size":5.082706928253174,"orthographic":false}