{"cameraMode":{"drawMode":0,"name":"Shaded","section":"Shading Mode"},"sceneLighting":false,"audioPlay":false,"sceneViewState":{"showFog":true,"showMaterialUpdate":false,"showSkybox":false,"showFlares":true,"showImageEffects":true,"showParticleSystems":true},"in2DMode":false,"pivot":{"x":0.1910802125930786,"y":0.7991719245910645,"z":0.6010581254959106},"rotation":{"x":-0.22158966958522798,"y":0.05736340209841728,"z":-0.013141739182174206,"w":-0.9735240936279297},"size":2.2863118648529054,"orthographic":false}